country,iso3,yearbirth,durw_lag3,durw_lag2,durw_lag1,durw,durw_lead1,durw_lead2,durw_lead3,ftew_lag3,ftew_lag2,ftew_lag1,ftew,ftew_lead1,ftew_lead2,ftew_lead3,ilow_lag3,ilow_lag2,ilow_lag1,ilow,ilow_lead1,ilow_lead2,ilow_lead3,wrrw_lag1,lfp,gdpcapita,thecapita,phecapita
Armenia,ARM,1998,20,20,20,20,20,20,20,20,20,20,20,20,20,20,20,20,20,20,20,20,20,100,,,,
Armenia,ARM,1999,20,20,20,20,20,20,20,20,20,20,20,20,20,20,20,20,20,20,20,20,20,100,47.200001,840.85699,106.75979,30.205118
Armenia,ARM,2000,20,20,20,20,20,20,20,20,20,20,20,20,20,20,20,20,20,20,20,20,20,100,47.5,895.59772,127.71595,23.163609
Armenia,ARM,2001,20,20,20,20,20,20,20,20,20,20,20,20,20,20,20,20,20,20,20,20,20,100,47.5,986.36151,136.29213,36.431061
Armenia,ARM,2002,20,20,20,20,20,20,20,20,20,20,20,20,20,20,20,20,20,20,20,20,20,100,45.299999,1121.174,142.65004,35.900383
Armenia,ARM,2003,20,20,20,20,20,20,20,20,20,20,20,20,20,20,20,20,20,20,20,20,20,100,43,1283.2156,170.9041,46.578274
Armenia,ARM,2004,20,20,20,20,20,20,20,20,20,20,20,20,20,20,20,20,20,20,20,20,20,100,40.700001,1422.4036,191.40802,48.581974
Armenia,ARM,2005,20,20,20,20,20,20,20,20,20,20,20,20,20,20,20,20,20,20,20,20,20,100,38.5,1625.3969,199.10329,60.562225
Armenia,ARM,2006,20,20,20,20,20,20,20,20,20,20,20,20,20,20,20,20,20,20,20,20,20,100,36.200001,1847.2731,199.67818,75.839966
Armenia,ARM,2007,20,20,20,20,20,20,20,20,20,20,20,20,20,20,20,20,20,20,20,20,20,100,33.900002,2110.415,216.93036,90.178864
Armenia,ARM,2008,20,20,20,20,20,20,20,20,20,20,20,20,20,20,20,20,20,20,20,20,20,100,31.700001,2265.4246,229.68959,102.25848
Bangladesh,BGD,1998,12,12,12,12,12,12,12,12,12,12,12,12,12,12,12,12,12,12,12,12,12,100,,,,
Bangladesh,BGD,1999,12,12,12,12,12,12,12,12,12,12,12,12,12,12,12,12,12,12,12,12,12,100,52.700001,336.02838,22.342381,8.9068518
Bangladesh,BGD,2000,12,12,12,12,12,12,12,12,12,12,12,12,12,12,12,12,12,12,12,12,12,100,51.799999,349.50534,24.219629,9.4496975
Bangladesh,BGD,2001,12,12,12,12,12,12,12,12,12,12,12,12,12,12,12,12,12,12,12,12,12,100,51.700001,361.53085,27.127014,10.834889
Bangladesh,BGD,2002,12,12,12,12,12,12,12,12,12,12,12,12,12,12,12,12,12,12,12,12,12,100,51.599998,371.22073,29.345671,11.642951
Bangladesh,BGD,2003,12,12,12,12,12,12,16,12,12,12,12,12,12,16,12,12,12,12,12,12,16,100,51.5,384.61304,30.439732,11.459289
Bangladesh,BGD,2004,12,12,12,12,12,16,16,12,12,12,12,12,16,16,12,12,12,12,12,16,16,100,51.5,402.80032,33.698261,13.066752
Bangladesh,BGD,2005,12,12,12,12,16,16,16,12,12,12,12,16,16,16,12,12,12,12,16,16,16,100,51.400002,421.12332,37.36467,13.038989
Bangladesh,BGD,2006,12,12,12,16,16,16,16,12,12,12,16,16,16,16,12,12,12,16,16,16,16,100,51.299999,443.66769,43.021847,15.697827
Bangladesh,BGD,2007,12,12,16,16,16,16,16,12,12,16,16,16,16,16,12,12,16,16,16,16,16,100,51.200001,467.06497,47.405186,16.302532
Bangladesh,BGD,2008,12,16,16,16,16,16,16,12,16,16,16,16,16,16,12,16,16,16,16,16,16,100,51.099998,490.90726,52.098991,18.564644
Bolivia,BOL,1998,12.9,12.9,12.9,12.9,12.9,12.9,12.9,12.2,12.2,12.2,12.2,12.2,12.2,12.2,12.8999996185303,12.8999996185303,12.8999996185303,12.8999996185303,12.8999996185303,12.8999996185303,12.8999996185303,95,,,,
Bolivia,BOL,1999,12.9,12.9,12.9,12.9,12.9,12.9,12.9,12.2,12.2,12.2,12.2,12.2,12.2,12.2,12.8999996185303,12.8999996185303,12.8999996185303,12.8999996185303,12.8999996185303,12.8999996185303,12.8999996185303,95,46.5,961.35089,191.11047,111.11819
Bolivia,BOL,2000,12.9,12.9,12.9,12.9,12.9,12.9,12.9,12.2,12.2,12.2,12.2,12.2,12.2,12.2,12.8999996185303,12.8999996185303,12.8999996185303,12.8999996185303,12.8999996185303,12.8999996185303,12.8999996185303,95,46.400002,965.40753,192.25972,115.53864
Bolivia,BOL,2001,12.9,12.9,12.9,12.9,12.9,12.9,12.9,12.2,12.2,12.2,12.2,12.2,12.2,12.2,12.8999996185303,12.8999996185303,12.8999996185303,12.8999996185303,12.8999996185303,12.8999996185303,12.8999996185303,95,46.599998,961.98291,203.53903,120.74451
Bolivia,BOL,2002,12.9,12.9,12.9,12.9,12.9,12.9,12.9,12.2,12.2,12.2,12.2,12.2,12.2,12.2,12.8999996185303,12.8999996185303,12.8999996185303,12.8999996185303,12.8999996185303,12.8999996185303,12.8999996185303,95,46.799999,966.46375,214.99133,135.0594
Bolivia,BOL,2003,12.9,12.9,12.9,12.9,12.9,12.9,12.9,12.2,12.2,12.2,12.2,12.2,12.2,12.2,12.8999996185303,12.8999996185303,12.8999996185303,12.8999996185303,12.8999996185303,12.8999996185303,12.8999996185303,95,47,973.57397,188.65157,113.34084
Bolivia,BOL,2004,12.9,12.9,12.9,12.9,12.9,12.9,12.9,12.2,12.2,12.2,12.2,12.2,12.2,12.2,12.8999996185303,12.8999996185303,12.8999996185303,12.8999996185303,12.8999996185303,12.8999996185303,12.8999996185303,95,47.200001,995.34723,189.96935,118.81648
Bolivia,BOL,2005,12.9,12.9,12.9,12.9,12.9,12.9,12.9,12.2,12.2,12.2,12.2,12.2,12.2,12.2,12.8999996185303,12.8999996185303,12.8999996185303,12.8999996185303,12.8999996185303,12.8999996185303,12.8999996185303,95,47.400002,1020.7903,210.47343,139.32149
Bolivia,BOL,2006,12.9,12.9,12.9,12.9,12.9,12.9,12.9,12.2,12.2,12.2,12.2,12.2,12.2,12.2,12.8999996185303,12.8999996185303,12.8999996185303,12.8999996185303,12.8999996185303,12.8999996185303,12.8999996185303,95,47.599998,1051.4718,192.40532,134.47128
Bolivia,BOL,2007,12.9,12.9,12.9,12.9,12.9,12.9,12.9,12.2,12.2,12.2,12.2,12.2,12.2,12.2,12.8999996185303,12.8999996185303,12.8999996185303,12.8999996185303,12.8999996185303,12.8999996185303,12.8999996185303,95,48.200001,1081.3921,199.25584,135.79091
Bolivia,BOL,2008,12.9,12.9,12.9,12.9,12.9,12.9,12.9,12.2,12.2,12.2,12.2,12.2,12.2,12.2,12.8999996185303,12.8999996185303,12.8999996185303,12.8999996185303,12.8999996185303,12.8999996185303,12.8999996185303,95,48.200001,1129.4807,223.35271,145.29129
Colombia,COL,1998,12,12,12,12,12,12,12,12,12,12,12,12,12,12,12,12,12,12,12,12,12,100,,,,
Colombia,COL,1999,12,12,12,12,12,12,12,12,12,12,12,12,12,12,12,12,12,12,12,12,12,100,39.099998,2994.0024,485.39297,361.54468
Colombia,COL,2000,12,12,12,12,12,12,12,12,12,12,12,12,12,12,12,12,12,12,12,12,12,100,41.299999,3074.3176,345.21948,273.75351
Colombia,COL,2001,12,12,12,12,12,12,12,12,12,12,12,12,12,12,12,12,12,12,12,12,12,100,43.5,3074.9834,356.02026,280.18802
Colombia,COL,2002,12,12,12,12,12,12,12,12,12,12,12,12,12,12,12,12,12,12,12,12,12,100,45.700001,3101.6868,347.56757,278.94577
Colombia,COL,2003,12,12,12,12,12,12,12,12,12,12,12,12,12,12,12,12,12,12,12,12,12,100,47.799999,3172.7412,379.7749,314.15146
Colombia,COL,2004,12,12,12,12,12,12,12,12,12,12,12,12,12,12,12,12,12,12,12,12,12,100,44.700001,3290.4275,378.68024,275.19791
Colombia,COL,2005,12,12,12,12,12,12,12,12,12,12,12,12,12,12,12,12,12,12,12,12,12,100,43.200001,3392.9243,439.56403,306.34824
Colombia,COL,2006,12,12,12,12,12,12,12,12,12,12,12,12,12,12,12,12,12,12,12,12,12,100,39.400002,3565.8865,512.29218,354.47125
Colombia,COL,2007,12,12,12,12,12,12,12,12,12,12,12,12,12,12,12,12,12,12,12,12,12,100,36.599998,3755.6714,588.12213,380.89172
Colombia,COL,2008,12,12,12,12,12,12,14,12,12,12,12,12,12,14,12,12,12,12,12,12,14,100,37.700001,3832.4951,607.80115,413.98215
"Egypt, Arab Rep.",EGY,1998,7.14,12.9,12.9,12.9,12.9,12.9,12.9,7.14,12.9,12.9,12.9,12.9,12.9,12.9,7.1399998664856,12.8999996185303,12.8999996185303,12.8999996185303,12.8999996185303,12.8999996185303,12.8999996185303,100,,,,
"Egypt, Arab Rep.",EGY,1999,12.9,12.9,12.9,12.9,12.9,12.9,12.9,12.9,12.9,12.9,12.9,12.9,12.9,12.9,12.8999996185303,12.8999996185303,12.8999996185303,12.8999996185303,12.8999996185303,12.8999996185303,12.8999996185303,100,20.700001,1099.3009,185.43285,74.85479
"Egypt, Arab Rep.",EGY,2000,12.9,12.9,12.9,12.9,12.9,12.9,12.9,12.9,12.9,12.9,12.9,12.9,12.9,12.9,12.8999996185303,12.8999996185303,12.8999996185303,12.8999996185303,12.8999996185303,12.8999996185303,12.8999996185303,100,19,1140.1177,199.46358,80.718643
"Egypt, Arab Rep.",EGY,2001,12.9,12.9,12.9,12.9,12.9,12.9,12.9,12.9,12.9,12.9,12.9,12.9,12.9,12.9,12.8999996185303,12.8999996185303,12.8999996185303,12.8999996185303,12.8999996185303,12.8999996185303,12.8999996185303,100,17.4,1161.6714,220.86649,89.384361
"Egypt, Arab Rep.",EGY,2002,12.9,12.9,12.9,12.9,12.9,12.9,12.9,12.9,12.9,12.9,12.9,12.9,12.9,12.9,12.8999996185303,12.8999996185303,12.8999996185303,12.8999996185303,12.8999996185303,12.8999996185303,12.8999996185303,100,21.5,1170.079,239.31615,96.357666
"Egypt, Arab Rep.",EGY,2003,12.9,12.9,12.9,12.9,12.9,12.9,12.9,12.9,12.9,12.9,12.9,12.9,12.9,12.9,12.8999996185303,12.8999996185303,12.8999996185303,12.8999996185303,12.8999996185303,12.8999996185303,12.8999996185303,100,21.700001,1187.8024,227.11378,87.123566
"Egypt, Arab Rep.",EGY,2004,12.9,12.9,12.9,12.9,12.9,12.9,12.9,12.9,12.9,12.9,12.9,12.9,12.9,12.9,12.8999996185303,12.8999996185303,12.8999996185303,12.8999996185303,12.8999996185303,12.8999996185303,12.8999996185303,100,22,1216.1115,223.90855,85.805969
"Egypt, Arab Rep.",EGY,2005,12.9,12.9,12.9,12.9,12.9,12.9,12.9,12.9,12.9,12.9,12.9,12.9,12.9,12.9,12.8999996185303,12.8999996185303,12.8999996185303,12.8999996185303,12.8999996185303,12.8999996185303,12.8999996185303,100,22.299999,1249.4933,231.17844,91.286987
"Egypt, Arab Rep.",EGY,2006,12.9,12.9,12.9,12.9,12.9,12.9,12.9,12.9,12.9,12.9,12.9,12.9,12.9,12.9,12.8999996185303,12.8999996185303,12.8999996185303,12.8999996185303,12.8999996185303,12.8999996185303,12.8999996185303,100,20.6,1312.8193,255.43262,112.17841
"Egypt, Arab Rep.",EGY,2007,12.9,12.9,12.9,12.9,12.9,12.9,12.9,12.9,12.9,12.9,12.9,12.9,12.9,12.9,12.8999996185303,12.8999996185303,12.8999996185303,12.8999996185303,12.8999996185303,12.8999996185303,12.8999996185303,100,19.299999,1382.407,260.03232,107.58003
"Egypt, Arab Rep.",EGY,2008,12.9,12.9,12.9,12.9,12.9,12.9,12.9,12.9,12.9,12.9,12.9,12.9,12.9,12.9,12.8999996185303,12.8999996185303,12.8999996185303,12.8999996185303,12.8999996185303,12.8999996185303,12.8999996185303,100,19.5,1456.5657,272.41611,114.94496
Ghana,GHA,1998,12,12,12,12,12,12,12,6,6,6,6,6,6,6,0,0,0,0,0,0,0,50,,,,
Ghana,GHA,1999,12,12,12,12,12,12,12,6,6,6,6,6,6,6,0,0,0,0,0,0,0,50,54.299999,440.27576,45.442669,22.865772
Ghana,GHA,2000,12,12,12,12,12,12,12,6,6,6,6,6,6,6,0,0,0,0,0,0,0,50,54.400002,445.87683,44.862629,21.847149
Ghana,GHA,2001,12,12,12,12,12,12,12,6,6,6,6,6,6,12,0,0,0,0,0,0,12,50,52,452.45502,55.020992,31.369638
Ghana,GHA,2002,12,12,12,12,12,12,12,6,6,6,6,6,12,12,0,0,0,0,0,12,12,50,49.599998,461.03677,48.41156,24.044733
Ghana,GHA,2003,12,12,12,12,12,12,12,6,6,6,6,12,12,12,0,0,0,0,12,12,12,50,47.099998,472.69818,51.774925,26.557989
Ghana,GHA,2004,12,12,12,12,12,12,12,6,6,6,12,12,12,12,0,0,0,12,12,12,12,50,44.5,486.38004,69.417587,42.966244
Ghana,GHA,2005,12,12,12,12,12,12,12,6,6,12,12,12,12,12,0,0,12,12,12,12,12,100,41.900002,501.86429,84.785301,56.256557
Ghana,GHA,2006,12,12,12,12,12,12,12,6,12,12,12,12,12,12,0,12,12,12,12,12,12,100,39.299999,520.26782,67.694733,38.737835
Ghana,GHA,2007,12,12,12,12,12,12,12,12,12,12,12,12,12,12,12,12,12,12,12,12,12,100,39.099998,539.6665,83.272858,51.927513
Ghana,GHA,2008,12,12,12,12,12,12,12,12,12,12,12,12,12,12,12,12,12,12,12,12,12,100,38.900002,570.36371,83.725792,48.593075
Honduras,HND,1998,12,12,12,12,12,12,12,12,12,12,12,12,12,12,12,12,12,12,12,12,12,100,,,,
Honduras,HND,1999,12,12,12,12,12,12,12,12,12,12,12,12,12,12,12,12,12,12,12,12,12,100,39,1198.2081,150.44391,70.282219
Honduras,HND,2000,12,12,12,12,12,12,12,12,12,12,12,12,12,12,12,12,12,12,12,12,12,100,37.299999,1241.0372,169.75949,92.050179
Honduras,HND,2001,12,12,12,12,12,12,12,12,12,12,12,12,12,12,12,12,12,12,12,12,12,100,33.599998,1248.9004,181.31783,95.353104
Honduras,HND,2002,12,12,12,12,12,12,12,12,12,12,12,12,12,12,12,12,12,12,12,12,12,100,30,1269.7041,198.39493,106.4101
Honduras,HND,2003,12,12,12,12,12,12,12,12,12,12,12,12,12,12,12,12,12,12,12,12,12,100,30.799999,1300.928,236.38983,134.89375
Honduras,HND,2004,12,12,12,12,12,12,12,12,12,12,12,12,12,12,12,12,12,12,12,12,12,100,31.6,1354.569,240.68929,128.36119
Honduras,HND,2005,12,12,12,12,12,12,12,12,12,12,12,12,12,12,12,12,12,12,12,12,12,100,30.6,1408.1301,251.93381,123.85277
Honduras,HND,2006,12,12,12,12,12,12,12,12,12,12,12,12,12,12,12,12,12,12,12,12,12,100,30.1,1471.0466,269.69592,123.28429
Honduras,HND,2007,12,12,12,12,12,12,12,12,12,12,12,12,12,12,12,12,12,12,12,12,12,100,30.200001,1531.3954,298.79138,137.75089
Honduras,HND,2008,12,12,12,12,12,12,12,12,12,12,12,12,12,12,12,12,12,12,12,12,12,100,30.4,1564.8223,332.09445,147.26663
Kenya,KEN,1998,8.6,8.6,8.6,8.6,8.6,8.6,8.6,8.6,8.6,8.6,8.6,8.6,8.6,8.6,8.60000038146973,8.60000038146973,8.60000038146973,8.60000038146973,8.60000038146973,8.60000038146973,8.60000038146973,100,,,,
Kenya,KEN,1999,8.6,8.6,8.6,8.6,8.6,8.6,8.6,8.6,8.6,8.6,8.6,8.6,8.6,8.6,8.60000038146973,8.60000038146973,8.60000038146973,8.60000038146973,8.60000038146973,8.60000038146973,8.60000038146973,100,42.599998,511.15332,47.696301,19.004826
Kenya,KEN,2000,8.6,8.6,8.6,8.6,8.6,8.6,8.6,8.6,8.6,8.6,8.6,8.6,8.6,8.6,8.60000038146973,8.60000038146973,8.60000038146973,8.60000038146973,8.60000038146973,8.60000038146973,8.60000038146973,100,41.400002,500.96338,53.310631,24.667082
Kenya,KEN,2001,8.6,8.6,8.6,8.6,8.6,8.6,8.6,8.6,8.6,8.6,8.6,8.6,8.6,8.6,8.60000038146973,8.60000038146973,8.60000038146973,8.60000038146973,8.60000038146973,8.60000038146973,8.60000038146973,100,40.200001,506.28458,54.417053,24.338076
Kenya,KEN,2002,8.6,8.6,8.6,8.6,8.6,8.6,8.6,8.6,8.6,8.6,8.6,8.6,8.6,8.6,8.60000038146973,8.60000038146973,8.60000038146973,8.60000038146973,8.60000038146973,8.60000038146973,8.60000038146973,100,39,495.5686,53.182003,22.77062
Kenya,KEN,2003,8.6,8.6,8.6,8.6,8.6,8.6,8.6,8.6,8.6,8.6,8.6,8.6,8.6,8.6,8.60000038146973,8.60000038146973,8.60000038146973,8.60000038146973,8.60000038146973,8.60000038146973,8.60000038146973,100,37.900002,496.49301,53.351929,23.130665
Kenya,KEN,2004,8.6,8.6,8.6,8.6,8.6,8.6,8.6,8.6,8.6,8.6,8.6,8.6,8.6,8.6,8.60000038146973,8.60000038146973,8.60000038146973,8.60000038146973,8.60000038146973,8.60000038146973,8.60000038146973,100,36.900002,507.90982,54.171555,22.676634
Kenya,KEN,2005,8.6,8.6,8.6,8.6,8.6,8.6,12.9,8.6,8.6,8.6,8.6,8.6,8.6,12.9,8.60000038146973,8.60000038146973,8.60000038146973,8.60000038146973,8.60000038146973,8.60000038146973,12.8999996185303,100,35.900002,523.61377,58.750675,24.846521
Kenya,KEN,2006,8.6,8.6,8.6,8.6,8.6,12.9,12.9,8.6,8.6,8.6,8.6,8.6,12.9,12.9,8.60000038146973,8.60000038146973,8.60000038146973,8.60000038146973,8.60000038146973,12.8999996185303,12.8999996185303,100,35.900002,542.04242,65.007935,26.848835
Kenya,KEN,2007,8.6,8.6,8.6,8.6,12.9,12.9,12.9,8.6,8.6,8.6,8.6,12.9,12.9,12.9,8.60000038146973,8.60000038146973,8.60000038146973,8.60000038146973,12.8999996185303,12.8999996185303,12.8999996185303,100,36,564.66681,68.334702,28.963404
Kenya,KEN,2008,8.6,8.6,8.6,12.9,12.9,12.9,12.9,8.6,8.6,8.6,12.9,12.9,12.9,12.9,8.60000038146973,8.60000038146973,8.60000038146973,12.8999996185303,12.8999996185303,12.8999996185303,12.8999996185303,100,36,558.19324,65.405945,25.808376
Cambodia,KHM,1998,12.9,12.9,12.9,12.9,12.9,12.9,12.9,12.9,12.9,6.45,6.45,6.45,6.45,6.45,12.8999996185303,12.8999996185303,0,0,0,0,0,50,,,,
Cambodia,KHM,1999,12.9,12.9,12.9,12.9,12.9,12.9,12.9,12.9,6.45,6.45,6.45,6.45,6.45,6.45,12.8999996185303,0,0,0,0,0,0,50,71.800003,309.52475,52.044464,9.4630766
Cambodia,KHM,2000,12.9,12.9,12.9,12.9,12.9,12.9,12.9,6.45,6.45,6.45,6.45,6.45,6.45,6.45,0,0,0,0,0,0,0,50,71.699997,329.43262,58.125778,11.874233
Cambodia,KHM,2001,12.9,12.9,12.9,12.9,12.9,12.9,12.9,6.45,6.45,6.45,6.45,6.45,6.45,6.45,0,0,0,0,0,0,0,50,72.699997,348.78867,62.396606,12.478931
Cambodia,KHM,2002,12.9,12.9,12.9,12.9,12.9,12.9,12.9,6.45,6.45,6.45,6.45,6.45,6.45,6.45,0,0,0,0,0,0,0,50,73.800003,365.18347,68.352737,15.715331
Cambodia,KHM,2003,12.9,12.9,12.9,12.9,12.9,12.9,12.9,6.45,6.45,6.45,6.45,6.45,6.45,6.45,0,0,0,0,0,0,0,50,75.099998,389.35168,85.529419,27.382895
Cambodia,KHM,2004,12.9,12.9,12.9,12.9,12.9,12.9,12.9,6.45,6.45,6.45,6.45,6.45,6.45,6.45,0,0,0,0,0,0,0,50,76.400002,422.58774,92.656837,29.8612
Cambodia,KHM,2005,12.9,12.9,12.9,12.9,12.9,12.9,12.9,6.45,6.45,6.45,6.45,6.45,6.45,6.45,0,0,0,0,0,0,0,50,76.099998,471.16251,105.09562,23.10388
Cambodia,KHM,2006,12.9,12.9,12.9,12.9,12.9,12.9,12.9,6.45,6.45,6.45,6.45,6.45,6.45,6.45,0,0,0,0,0,0,0,50,75.900002,514.26398,96.049248,20.463049
Cambodia,KHM,2007,12.9,12.9,12.9,12.9,12.9,12.9,12.9,6.45,6.45,6.45,6.45,6.45,6.45,6.45,0,0,0,0,0,0,0,50,75.5,558.85797,83.849998,18.603712
Cambodia,KHM,2008,12.9,12.9,12.9,12.9,12.9,12.9,12.9,6.45,6.45,6.45,6.45,6.45,6.45,6.45,0,0,0,0,0,0,0,50,75,587.98969,111.44393,20.91526
Lesotho,LSO,1998,0,0,0,0,0,0,0,0,0,0,0,0,0,0,0,0,0,0,0,0,0,0,,,,
Lesotho,LSO,1999,0,0,0,0,0,0,0,0,0,0,0,0,0,0,0,0,0,0,0,0,0,0,59.099998,613.88049,62.706367,30.443819
Lesotho,LSO,2000,0,0,0,0,0,0,0,0,0,0,0,0,0,0,0,0,0,0,0,0,0,0,56.599998,639.65912,68.480194,35.069115
Lesotho,LSO,2001,0,0,0,0,0,0,0,0,0,0,0,0,0,0,0,0,0,0,0,0,0,0,54,661.26996,79.560883,46.200008
Lesotho,LSO,2002,0,0,0,0,0,0,2,0,0,0,0,0,0,2,0,0,0,0,0,0,2,0,51.5,659.85883,74.139732,41.119305
Lesotho,LSO,2003,0,0,0,0,0,2,2,0,0,0,0,0,2,2,0,0,0,0,0,2,2,0,49.099998,685.98584,77.859741,45.475578
Lesotho,LSO,2004,0,0,0,0,2,2,6,0,0,0,0,2,2,6,0,0,0,0,2,2,6,0,46.700001,696.83893,87.541527,45.209721
Lesotho,LSO,2005,0,0,0,2,2,6,6,0,0,0,2,2,6,6,0,0,0,2,2,6,6,0,44.400002,710.54834,83.87513,39.946339
Lesotho,LSO,2006,0,0,2,2,6,6,12,0,0,2,2,6,6,12,0,0,2,2,6,6,12,100,42.200001,735.59009,99.86348,53.746712
Lesotho,LSO,2007,0,2,2,6,6,12,12,0,2,2,6,6,12,12,0,2,2,6,6,12,12,100,40,764.35419,124.9532,76.897423
Lesotho,LSO,2008,2,2,6,6,12,12,12,2,2,6,6,12,12,12,2,2,6,6,12,12,12,100,37.900002,801.45154,138.86746,89.029045
Madagascar,MDG,1998,14,14,14,14,14,14,14,14,14,14,14,14,14,14,14,14,14,14,14,14,14,100,,,,
Madagascar,MDG,1999,14,14,14,14,14,14,14,14,14,14,14,14,14,14,14,14,14,14,14,14,14,100,74.300003,281.58969,24.749861,15.120462
Madagascar,MDG,2000,14,14,14,14,14,14,14,14,14,14,14,14,14,14,14,14,14,14,14,14,14,100,74.300003,285.96295,29.77891,19.798782
Madagascar,MDG,2001,14,14,14,14,14,14,14,14,14,14,14,14,14,14,14,14,14,14,14,14,14,100,74.199997,294.00403,32.289375,22.357714
Madagascar,MDG,2002,14,14,14,14,14,14,14,14,14,14,14,14,14,14,14,14,14,14,14,14,14,100,74,249.06821,27.918098,18.740932
Madagascar,MDG,2003,14,14,14,14,14,14,14,14,14,14,14,14,14,14,14,14,14,14,14,14,14,100,73.699997,265.36472,27.81152,17.825834
Madagascar,MDG,2004,14,14,14,14,14,14,14,14,14,14,14,14,14,14,14,14,14,14,14,14,14,100,73.400002,271.16837,30.193691,19.741026
Madagascar,MDG,2005,14,14,14,14,14,14,14,14,14,14,14,14,14,14,14,14,14,14,14,14,14,100,73.199997,275.47672,32.112316,21.333942
Madagascar,MDG,2006,14,14,14,14,14,14,14,14,14,14,14,14,14,14,14,14,14,14,14,14,14,100,72.900002,281.07986,36.140991,24.204063
Madagascar,MDG,2007,14,14,14,14,14,14,14,14,14,14,14,14,14,14,14,14,14,14,14,14,14,100,72.699997,290.22116,40.132126,26.580381
Madagascar,MDG,2008,14,14,14,14,14,14,14,14,14,14,14,14,14,14,14,14,14,14,14,14,14,100,72.5,302.23779,37.510448,22.971022
Malawi,MWI,1998,0,0,0,0,0,8,8,0,0,0,0,0,8,8,0,0,0,0,0,8,8,0,,,,
Malawi,MWI,1999,0,0,0,0,8,8,8,0,0,0,0,8,8,8,0,0,0,0,8,8,8,0,59.900002,224.02043,38.222813,13.33968
Malawi,MWI,2000,0,0,0,8,8,8,8,0,0,0,8,8,8,8,0,0,0,8,8,8,8,0,61.700001,221.3448,35.929428,16.447277
Malawi,MWI,2001,0,0,8,8,8,8,8,0,0,8,8,8,8,8,0,0,8,8,8,8,8,100,63.400002,204.87395,28.422329,12.409827
Malawi,MWI,2002,0,8,8,8,8,8,8,0,8,8,8,8,8,8,0,8,8,8,8,8,8,100,65,203.05281,27.206591,16.431301
Malawi,MWI,2003,8,8,8,8,8,8,8,8,8,8,8,8,8,8,8,8,8,8,8,8,8,100,66.599998,208.76031,37.583534,27.110044
Malawi,MWI,2004,8,8,8,8,8,8,8,8,8,8,8,8,8,8,8,8,8,8,8,8,8,100,68.199997,213.13557,48.879536,35.751842
Malawi,MWI,2005,8,8,8,8,8,8,8,8,8,8,8,8,8,8,8,8,8,8,8,8,8,100,69.900002,213.15668,52.887569,39.11816
Malawi,MWI,2006,8,8,8,8,8,8,8,8,8,8,8,8,8,8,8,8,8,8,8,8,8,100,67.5,211.29413,62.644928,43.154263
Malawi,MWI,2007,8,8,8,8,8,8,8,8,8,8,8,8,8,8,8,8,8,8,8,8,8,100,65,224.49602,51.792938,34.303085
Malawi,MWI,2008,8,8,8,8,8,8,8,8,8,8,8,8,8,8,8,8,8,8,8,8,8,100,66,235.91484,69.650703,50.646702
Nigeria,NGA,1998,12,12,12,12,12,12,12,6,6,6,6,6,6,6,0,0,0,0,0,0,0,50,,,,
Nigeria,NGA,1999,12,12,12,12,12,12,12,6,6,6,6,6,6,6,0,0,0,0,0,0,0,50,29.6,660.17889,69.441528,20.224733
Nigeria,NGA,2000,12,12,12,12,12,12,12,6,6,6,6,6,6,6,0,0,0,0,0,0,0,50,30.5,678.58618,59.984394,20.071066
Nigeria,NGA,2001,12,12,12,12,12,12,12,6,6,6,6,6,6,6,0,0,0,0,0,0,0,50,31.5,682.25311,64.39846,20.189196
Nigeria,NGA,2002,12,12,12,12,12,12,12,6,6,6,6,6,6,6,0,0,0,0,0,0,0,50,32.400002,675.55902,52.833294,13.514413
Nigeria,NGA,2003,12,12,12,12,12,12,12,6,6,6,6,6,6,6,0,0,0,0,0,0,0,50,33.400002,726.44696,112.02378,25.097437
Nigeria,NGA,2004,12,12,12,12,12,12,12,6,6,6,6,6,6,6,0,0,0,0,0,0,0,50,34.299999,783.07391,114.61339,37.469734
Nigeria,NGA,2005,12,12,12,12,12,12,12,6,6,6,6,6,6,6,0,0,0,0,0,0,0,50,34.400002,804.15234,115.52331,33.697582
Nigeria,NGA,2006,12,12,12,12,12,12,12,6,6,6,6,6,6,6,0,0,0,0,0,0,0,50,34.400002,831.7887,110.01777,36.240715
Nigeria,NGA,2007,12,12,12,12,12,12,12,6,6,6,6,6,6,6,0,0,0,0,0,0,0,50,34.5,862.14209,140.95103,47.493938
Nigeria,NGA,2008,12,12,12,12,12,12,12,6,6,6,6,6,6,6,0,0,0,0,0,0,0,50,34.5,889.43311,134.66287,50.166046
Nepal,NPL,1998,7.4,7.4,7.4,7.4,7.4,7.4,7.4,7.4,7.4,7.4,7.4,7.4,7.4,7.4,7.40000009536743,7.40000009536743,7.40000009536743,7.40000009536743,7.40000009536743,7.40000009536743,7.40000009536743,100,,,,
Nepal,NPL,1999,7.4,7.4,7.4,7.4,7.4,7.4,7.4,7.4,7.4,7.4,7.4,7.4,7.4,7.4,7.40000009536743,7.40000009536743,7.40000009536743,7.40000009536743,7.40000009536743,7.40000009536743,7.40000009536743,100,80.199997,285.58066,44.390259,13.327995
Nepal,NPL,2000,7.4,7.4,7.4,7.4,7.4,7.4,7.4,7.4,7.4,7.4,7.4,7.4,7.4,7.4,7.40000009536743,7.40000009536743,7.40000009536743,7.40000009536743,7.40000009536743,7.40000009536743,7.40000009536743,100,79.699997,296.8241,43.276855,10.635763
Nepal,NPL,2001,7.4,7.4,7.4,7.4,7.4,7.4,7.4,7.4,7.4,7.4,7.4,7.4,7.4,7.4,7.40000009536743,7.40000009536743,7.40000009536743,7.40000009536743,7.40000009536743,7.40000009536743,7.40000009536743,100,79.199997,304.87793,44.657921,13.083408
Nepal,NPL,2002,7.4,7.4,7.4,7.4,7.4,7.4,7.4,7.4,7.4,7.4,7.4,7.4,7.4,7.4,7.40000009536743,7.40000009536743,7.40000009536743,7.40000009536743,7.40000009536743,7.40000009536743,7.40000009536743,100,78.699997,299.57428,46.391323,13.380877
Nepal,NPL,2003,7.4,7.4,7.4,7.4,7.4,7.4,7.4,7.4,7.4,7.4,7.4,7.4,7.4,7.4,7.40000009536743,7.40000009536743,7.40000009536743,7.40000009536743,7.40000009536743,7.40000009536743,7.40000009536743,100,78.099998,306.02615,47.088684,12.863247
Nepal,NPL,2004,7.4,7.4,7.4,7.4,7.4,7.4,7.4,7.4,7.4,7.4,7.4,7.4,7.4,7.4,7.40000009536743,7.40000009536743,7.40000009536743,7.40000009536743,7.40000009536743,7.40000009536743,7.40000009536743,100,77.599998,315.26086,54.905548,16.348431
Nepal,NPL,2005,7.4,7.4,7.4,7.4,7.4,7.4,7.4,7.4,7.4,7.4,7.4,7.4,7.4,7.4,7.40000009536743,7.40000009536743,7.40000009536743,7.40000009536743,7.40000009536743,7.40000009536743,7.40000009536743,100,77.099998,321.45502,58.661381,19.187191
Nepal,NPL,2006,7.4,7.4,7.4,7.4,7.4,7.4,7.4,7.4,7.4,7.4,7.4,7.4,7.4,7.4,7.40000009536743,7.40000009536743,7.40000009536743,7.40000009536743,7.40000009536743,7.40000009536743,7.40000009536743,100,76.5,327.82132,57.459362,21.030951
Nepal,NPL,2007,7.4,7.4,7.4,7.4,7.4,7.4,7.4,7.4,7.4,7.4,7.4,7.4,7.4,7.4,7.40000009536743,7.40000009536743,7.40000009536743,7.40000009536743,7.40000009536743,7.40000009536743,7.40000009536743,100,75.900002,334.87775,53.127213,19.180786
Nepal,NPL,2008,7.4,7.4,7.4,7.4,7.4,7.4,7.4,7.4,7.4,7.4,7.4,7.4,7.4,7.4,7.40000009536743,7.40000009536743,7.40000009536743,7.40000009536743,7.40000009536743,7.40000009536743,7.40000009536743,100,75.400002,351.26804,62.212196,25.041609
Philippines,PHL,1998,6,6,8.6,8.6,8.6,8.6,8.6,6,6,8.6,8.6,8.6,8.6,8.6,6,6,8.60000038146973,8.60000038146973,8.60000038146973,8.60000038146973,8.60000038146973,100,,,,
Philippines,PHL,1999,6,8.6,8.6,8.6,8.6,8.6,8.6,6,8.6,8.6,8.6,8.6,8.6,8.6,6,8.60000038146973,8.60000038146973,8.60000038146973,8.60000038146973,8.60000038146973,8.60000038146973,100,38.400002,1037.5746,74.05938,32.737877
Philippines,PHL,2000,8.6,8.6,8.6,8.6,8.6,8.6,8.6,8.6,8.6,8.6,8.6,8.6,8.6,8.6,8.60000038146973,8.60000038146973,8.60000038146973,8.60000038146973,8.60000038146973,8.60000038146973,8.60000038146973,100,37.599998,1060.55,76.79583,36.5355
Philippines,PHL,2001,8.6,8.6,8.6,8.6,8.6,8.6,8.6,8.6,8.6,8.6,8.6,8.6,8.6,8.6,8.60000038146973,8.60000038146973,8.60000038146973,8.60000038146973,8.60000038146973,8.60000038146973,8.60000038146973,100,41.400002,1068.5924,73.92025,32.651814
Philippines,PHL,2002,8.6,8.6,8.6,8.6,8.6,8.6,8.6,8.6,8.6,8.6,8.6,8.6,8.6,8.6,8.60000038146973,8.60000038146973,8.60000038146973,8.60000038146973,8.60000038146973,8.60000038146973,8.60000038146973,100,38.200001,1084.8973,70.980537,28.396734
Philippines,PHL,2003,8.6,8.6,8.6,8.6,8.6,8.6,8.6,8.6,8.6,8.6,8.6,8.6,8.6,8.6,8.60000038146973,8.60000038146973,8.60000038146973,8.60000038146973,8.60000038146973,8.60000038146973,8.60000038146973,100,38.900002,1116.059,86.717148,34.883087
Philippines,PHL,2004,8.6,8.6,8.6,8.6,8.6,8.6,8.6,8.6,8.6,8.6,8.6,8.6,8.6,8.6,8.60000038146973,8.60000038146973,8.60000038146973,8.60000038146973,8.60000038146973,8.60000038146973,8.60000038146973,100,38,1167.812,91.623848,37.428787
Philippines,PHL,2005,8.6,8.6,8.6,8.6,8.6,8.6,8.6,8.6,8.6,8.6,8.6,8.6,8.6,8.6,8.60000038146973,8.60000038146973,8.60000038146973,8.60000038146973,8.60000038146973,8.60000038146973,8.60000038146973,100,36.799999,1200.9382,106.60502,41.822235
Philippines,PHL,2006,8.6,8.6,8.6,8.6,8.6,8.6,8.6,8.6,8.6,8.6,8.6,8.6,8.6,8.6,8.60000038146973,8.60000038146973,8.60000038146973,8.60000038146973,8.60000038146973,8.60000038146973,8.60000038146973,100,35.700001,1241.5466,112.31482,39.740356
Philippines,PHL,2007,8.6,8.6,8.6,8.6,8.6,8.6,8.6,8.6,8.6,8.6,8.6,8.6,8.6,8.6,8.60000038146973,8.60000038146973,8.60000038146973,8.60000038146973,8.60000038146973,8.60000038146973,8.60000038146973,100,34.099998,1301.2212,136.42215,47.855015
Philippines,PHL,2008,8.6,8.6,8.6,8.6,8.6,8.6,8.6,8.6,8.6,8.6,8.6,8.6,8.6,8.6,8.60000038146973,8.60000038146973,8.60000038146973,8.60000038146973,8.60000038146973,8.60000038146973,8.60000038146973,100,33.900002,1332.8269,141.86504,45.764
Rwanda,RWA,1998,12,12,12,12,12,12,12,8,8,8,8,8,8,8,12,12,12,12,12,12,12,67,,,,
Rwanda,RWA,1999,12,12,12,12,12,12,12,8,8,8,8,8,8,8,12,12,12,12,12,12,12,67,77.699997,207.97054,24.826069,11.253732
Rwanda,RWA,2000,12,12,12,12,12,12,12,8,8,8,8,8,8,8,12,12,12,12,12,12,12,67,77.099998,210.71291,24.748219,9.6933765
Rwanda,RWA,2001,12,12,12,12,12,12,12,8,8,8,8,8,8,8,12,12,12,12,12,12,12,67,76.400002,219.4537,27.192575,13.291667
Rwanda,RWA,2002,12,12,12,12,12,12,12,8,8,8,8,8,8,8,12,12,12,12,12,12,12,67,75.900002,242.797,29.121096,15.221118
Rwanda,RWA,2003,12,12,12,12,12,12,12,8,8,8,8,8,8,8,12,12,12,12,12,12,12,67,75.5,242.57872,44.402874,23.419416
Rwanda,RWA,2004,12,12,12,12,12,12,12,8,8,8,8,8,8,8,12,12,12,12,12,12,12,67,75.099998,255.83499,47.285603,25.330132
Rwanda,RWA,2005,12,12,12,12,12,12,12,8,8,8,8,8,8,8,12,12,12,12,12,12,12,67,74.900002,273.7471,54.861294,30.966181
Rwanda,RWA,2006,12,12,12,12,12,12,12,8,8,8,8,8,8,7.2,12,12,12,12,12,12,6,67,74.800003,290.0376,92.61113,46.185257
Rwanda,RWA,2007,12,12,12,12,12,12,12,8,8,8,8,8,7.2,7.2,12,12,12,12,12,6,6,67,74.800003,303.77539,91.783478,43.444897
Rwanda,RWA,2008,12,12,12,12,12,12,12,8,8,8,8,7.2,7.2,7.2,12,12,12,12,6,6,6,67,74.900002,327.9422,99.379974,47.692711
Senegal,SEN,1998,14,14,14,14,14,14,14,14,14,14,14,14,14,14,14,14,14,14,14,14,14,100,,,,
Senegal,SEN,1999,14,14,14,14,14,14,14,14,14,14,14,14,14,14,14,14,14,14,14,14,14,100,53.799999,697.77814,57.520378,21.28237
Senegal,SEN,2000,14,14,14,14,14,14,14,14,14,14,14,14,14,14,14,14,14,14,14,14,14,100,53.799999,702.34766,58.672092,21.605383
Senegal,SEN,2001,14,14,14,14,14,14,14,14,14,14,14,14,14,14,14,14,14,14,14,14,14,100,53.700001,715.83478,63.867516,23.735012
Senegal,SEN,2002,14,14,14,14,14,14,14,14,14,14,14,14,14,14,14,14,14,14,14,14,14,100,53.700001,701.7337,71.18457,27.416918
Senegal,SEN,2003,14,14,14,14,14,14,14,14,14,14,14,14,14,14,14,14,14,14,14,14,14,100,53.599998,728.59875,80.460304,31.165771
Senegal,SEN,2004,14,14,14,14,14,14,14,14,14,14,14,14,14,14,14,14,14,14,14,14,14,100,53.5,750.90411,90.074234,33.747581
Senegal,SEN,2005,14,14,14,14,14,14,14,14,14,14,14,14,14,14,14,14,14,14,14,14,14,100,53.5,771.81708,90.453743,50.061501
Senegal,SEN,2006,14,14,14,14,14,14,14,14,14,14,14,14,14,14,14,14,14,14,14,14,14,100,53.5,770.00641,99.88369,56.776649
Senegal,SEN,2007,14,14,14,14,14,14,14,14,14,14,14,14,14,14,14,14,14,14,14,14,14,100,53.400002,785.55939,102.80451,57.203144
Senegal,SEN,2008,14,14,14,14,14,14,14,14,14,14,14,14,14,14,14,14,14,14,14,14,14,100,53.400002,792.43793,108.38854,58.466061
Tanzania,TZA,1998,12,12,12,12,12,12,12,12,12,12,12,12,12,12,12,12,12,12,12,12,12,100,,,,
Tanzania,TZA,1999,12,12,12,12,12,12,12,12,12,12,12,12,12,12,12,12,12,12,12,12,12,100,82.099998,297.34854,22.606165,8.4233208
Tanzania,TZA,2000,12,12,12,12,12,12,12,12,12,12,12,12,12,12,12,12,12,12,12,12,12,100,82.099998,304.35928,25.258911,10.957087
Tanzania,TZA,2001,12,12,12,12,12,12,12,12,12,12,12,12,12,12,12,12,12,12,12,12,12,100,82.099998,314.54691,27.918161,12.689741
Tanzania,TZA,2002,12,12,12,12,12,12,12,12,12,12,12,12,12,12,12,12,12,12,12,12,12,100,82.300003,328.52478,28.724524,12.822086
Tanzania,TZA,2003,12,12,12,12,12,12,12,12,12,12,12,12,12,12,12,12,12,12,12,12,12,100,82.5,342.04959,33.436836,16.545902
Tanzania,TZA,2004,12,12,12,12,12,12,12,12,12,12,12,12,12,12,12,12,12,12,12,12,12,100,82.5,359.03662,33.144062,14.70019
Tanzania,TZA,2005,12,12,12,12,12,12,12,12,12,12,12,12,12,12,12,12,12,12,12,12,12,100,82.5,374.99927,41.760132,19.607834
Tanzania,TZA,2006,12,12,12,12,12,12,12,12,12,12,12,12,12,12,12,12,12,12,12,12,12,100,82.400002,389.08167,72.699379,42.805172
Tanzania,TZA,2007,12,12,12,12,12,12,12,12,12,12,12,12,12,12,12,12,12,12,12,12,12,100,82.099998,404.9783,67.946152,43.598869
Tanzania,TZA,2008,12,12,12,12,12,12,12,12,12,12,12,12,12,12,12,12,12,12,12,12,12,100,81.800003,422.44031,68.302345,42.903606
Uganda,UGA,1998,4.3,4.3,4.3,4.3,4.3,4.3,4.3,4.3,4.3,4.3,4.3,4.3,4.3,4.3,4.30000019073486,4.30000019073486,4.30000019073486,4.30000019073486,4.30000019073486,4.30000019073486,4.30000019073486,100,,,,
Uganda,UGA,1999,4.3,4.3,4.3,4.3,4.3,4.3,4.3,4.3,4.3,4.3,4.3,4.3,4.3,4.3,4.30000019073486,4.30000019073486,4.30000019073486,4.30000019073486,4.30000019073486,4.30000019073486,4.30000019073486,100,67.199997,268.8107,45.053299,13.770826
Uganda,UGA,2000,4.3,4.3,4.3,4.3,4.3,4.3,4.3,4.3,4.3,4.3,4.3,4.3,4.3,4.3,4.30000019073486,4.30000019073486,4.30000019073486,4.30000019073486,4.30000019073486,4.30000019073486,4.30000019073486,100,67.300003,268.48682,45.564014,12.23236
Uganda,UGA,2001,4.3,4.3,4.3,4.3,4.3,4.3,4.3,4.3,4.3,4.3,4.3,4.3,4.3,4.3,4.30000019073486,4.30000019073486,4.30000019073486,4.30000019073486,4.30000019073486,4.30000019073486,4.30000019073486,100,67.300003,273.25955,51.777248,14.150381
Uganda,UGA,2002,4.3,4.3,4.3,4.3,4.3,4.3,4.3,4.3,4.3,4.3,4.3,4.3,4.3,4.3,4.30000019073486,4.30000019073486,4.30000019073486,4.30000019073486,4.30000019073486,4.30000019073486,4.30000019073486,100,67.300003,287.32571,57.653072,17.030508
Uganda,UGA,2003,4.3,4.3,4.3,4.3,4.3,4.3,12,4.3,4.3,4.3,4.3,4.3,4.3,12,4.30000019073486,4.30000019073486,4.30000019073486,4.30000019073486,4.30000019073486,4.30000019073486,12,100,65.599998,295.7233,60.952396,17.884384
Uganda,UGA,2004,4.3,4.3,4.3,4.3,4.3,12,12,4.3,4.3,4.3,4.3,4.3,12,12,4.30000019073486,4.30000019073486,4.30000019073486,4.30000019073486,4.30000019073486,12,12,100,63.5,305.29138,67.544395,16.45668
Uganda,UGA,2005,4.3,4.3,4.3,4.3,12,12,12,4.3,4.3,4.3,4.3,12,12,12,4.30000019073486,4.30000019073486,4.30000019073486,4.30000019073486,12,12,12,100,61.099998,313.79898,83.560661,20.854094
Uganda,UGA,2006,4.3,4.3,4.3,12,12,12,12,4.3,4.3,4.3,12,12,12,12,4.30000019073486,4.30000019073486,4.30000019073486,12,12,12,12,100,60.799999,336.09842,96.443771,20.904297
Uganda,UGA,2007,4.3,4.3,12,12,12,12,12,4.3,4.3,12,12,12,12,12,4.30000019073486,4.30000019073486,12,12,12,12,12,100,60.5,352.30902,101.91719,19.690809
Uganda,UGA,2008,4.3,12,12,12,12,12,12,4.3,12,12,12,12,12,12,4.30000019073486,12,12,12,12,12,12,100,60.200001,370.33575,103.15752,20.073732
Zimbabwe,ZWE,1998,12.9,12.9,12.9,12.9,12.9,12.9,12.9,9.6,9.6,9.6,9.6,9.6,9.6,9.6,12.8999996185303,12.8999996185303,12.8999996185303,12.8999996185303,12.8999996185303,12.8999996185303,12.8999996185303,75,,,,
Zimbabwe,ZWE,1999,12.9,12.9,12.9,12.9,12.9,12.9,12.9,9.6,9.6,9.6,9.6,9.6,9.6,9.6,12.8999996185303,12.8999996185303,12.8999996185303,12.8999996185303,12.8999996185303,12.8999996185303,12.8999996185303,75,48.299999,703.61224,55.239182,27.033079
Zimbabwe,ZWE,2000,12.9,12.9,12.9,12.9,12.9,12.9,12.9,9.6,9.6,9.6,9.6,9.6,9.6,12.9,12.8999996185303,12.8999996185303,12.8999996185303,12.8999996185303,12.8999996185303,12.8999996185303,12.8999996185303,75,54.599998,675.59991,69.5,36.695999
Zimbabwe,ZWE,2001,12.9,12.9,12.9,12.9,12.9,12.9,12.9,9.6,9.6,9.6,9.6,9.6,12.9,12.9,12.8999996185303,12.8999996185303,12.8999996185303,12.8999996185303,12.8999996185303,12.8999996185303,12.8999996185303,75,60.900002,680.80072,55.957947,21.474436
Zimbabwe,ZWE,2002,12.9,12.9,12.9,12.9,12.9,12.9,12.9,9.6,9.6,9.6,9.6,12.9,12.9,12.9,12.8999996185303,12.8999996185303,12.8999996185303,12.8999996185303,12.8999996185303,12.8999996185303,12.8999996185303,75,66.900002,617.59271,,0
Zimbabwe,ZWE,2003,12.9,12.9,12.9,12.9,12.9,12.9,14,9.6,9.6,9.6,12.9,12.9,12.9,14,12.8999996185303,12.8999996185303,12.8999996185303,12.8999996185303,12.8999996185303,12.8999996185303,14,75,72.400002,511.33063,,0
Zimbabwe,ZWE,2004,12.9,12.9,12.9,12.9,12.9,14,14,9.6,9.6,12.9,12.9,12.9,14,14,12.8999996185303,12.8999996185303,12.8999996185303,12.8999996185303,12.8999996185303,14,14,100,77.400002,480.87814,,0
Zimbabwe,ZWE,2005,12.9,12.9,12.9,12.9,14,14,14,9.6,12.9,12.9,12.9,14,14,14,12.8999996185303,12.8999996185303,12.8999996185303,12.8999996185303,14,14,14,100,77.400002,452.78903,,0
Zimbabwe,ZWE,2006,12.9,12.9,12.9,14,14,14,14,12.9,12.9,12.9,14,14,14,14,12.8999996185303,12.8999996185303,12.8999996185303,14,14,14,14,100,77.300003,436.64447,,0
Zimbabwe,ZWE,2007,12.9,12.9,14,14,14,14,14,12.9,12.9,14,14,14,14,14,12.8999996185303,12.8999996185303,14,14,14,14,14,100,77.300003,420.16898,,0
Zimbabwe,ZWE,2008,12.9,14,14,14,14,14,14,12.9,14,14,14,14,14,14,12.8999996185303,14,14,14,14,14,14,100,77.199997,344.74216,,0
